zip.zip,zip.city,zip.region,zip.country,zip.relevance,zip.BidFactor,zip.eCPM,zip.eFlightSpend,zip.cumulativeSpend,zip.eCOnversions,zip.eCPA,zip.CumulativeEcpa
395001,Jalalpur,Gujarat,India,68.57,5.23,1,3.89,3.89,0.073165415,91.58,91.58
93001,Ventura,California,United States,23.86,4.17,2.87,46.71,50.6,0.106471309,756.47,485.66
65123,Pescara,Provincia di Pescara,Italy,21.75,4.08,1.19,3.33,53.93,0.016662338,344.48,473.68
91011,La Canada Flintridge,California,United States,20.43,4.02,3.28,62.75,116.68,0.107242067,1008.76,662.72
2055,Sydney,New South Wales,Australia,20.27,4.01,3.95,27.8,144.48,0.039119399,1225.46,726.97
94124,San Francisco,California,United States,19.71,3.98,1.94,371.16,515.64,1.032993644,619.49,646.26
28033,Madrid,Madrid,Spain,19.12,3.95,1.9,5.5,521.14,0.015215929,623.54,646.01
2015,Alexandria,New South Wales,Australia,18.94,3.94,3.78,50.18,571.32,0.068817667,1257.07,674.82
2010,Surry Hills,New South Wales,Australia,17.61,3.87,4.16,119.94,691.26,0.139322275,1484.26,745.35
94612,Oakland,California,United States,17.07,3.84,3.33,234.04,925.29,0.328823393,1227.13,827.52
93107,Santa Barbara,California,United States,12.01,3.49,3.55,12.51,937.8,0.011589146,1860.49,833.7
831001,Jamshedpur,Jharkhand,India,11.94,3.48,1.7,2.63,940.42,0.005069883,893.26,833.85
1110,Vienna,Vienna,Austria,11.93,3.48,1.16,5.65,946.08,0.015936559,611.59,832.05
92709,Irvine,California,United States,11.87,3.47,3.58,17.52,963.6,0.015931888,1896.17,840.62
395002,Jalalpur,Gujarat,India,10.31,3.33,0.98,1.51,965.11,0.004346623,599.63,840.09
90506,Torrance,California,United States,10.26,3.33,3.68,18.03,983.14,0.01377095,2257.05,849.88
90716,Hawaiian Gardens,California,United States,9.89,3.29,3.48,5.58,988.72,0.004347215,2214.55,852.85
92617,Irvine,California,United States,9.34,3.23,3.29,89.44,1078.16,0.06956415,2216.8,898.72
80121,Littleton,Colorado,United States,9.08,3.21,3.17,188.38,1266.54,0.147738415,2198.38,985.36
93035,Oxnard,California,United States,8.88,3.18,2.83,106.02,1372.56,0.091261542,2003.03,1025.61
TW18,Staines,Surrey,United Kingdom,8.7,3.16,3.39,25.78,1398.34,0.018119384,2453.19,1036.73
B3N,Halifax,Nova Scotia,Canada,8.65,3.16,2.8,15.39,1413.73,0.01304012,2034.29,1042.3
80304,Boulder,Colorado,United States,8.43,3.13,2.78,478.14,1891.87,0.397807223,2072.3,1192.04
2010,Surry Hills,New South Wales,Australia,8.24,3.11,4.16,119.94,2011.81,0.065191116,3172.07,1238.11
80017,Aurora,Colorado,United States,7.63,3.03,2.94,100.86,2112.66,0.071734091,2424.14,1267.72
90025,Los Angeles,California,United States,7.48,3.01,3.46,919.03,3031.7,0.544278561,2911.27,1529.47
1230,Domžale,Obcina Domzale,Slovenia,7.02,2.95,0.32,0.6,3032.3,0.003621359,287.44,1528.16
94111,San Francisco,California,United States,7.01,2.95,3.85,136.19,3168.49,0.068053655,3450.35,1565.65
93003,Ventura,California,United States,6.98,2.94,2.96,306.04,3474.53,0.197913337,2666.12,1624.72
41400,Gebze,Kocaeli,Turkey,6.96,2.94,0.34,0.65,3475.19,0.003624707,310.54,1623.43
WC2,Covent Garden,Camden,United Kingdom,6.71,2.9,3.56,16.84,3492.03,0.008698938,3337.85,1627.46
93960,Soledad,California,United States,6.7,2.9,3.04,33.59,3525.62,0.020271177,2857.23,1634.16
90071,Los Angeles,California,United States,6.62,2.89,3.77,63.24,3588.86,0.030436242,3582.14,1649.97
93013,Carpinteria,California,United States,6.53,2.88,3.48,55,3643.86,0.028260826,3355.66,1662.73
93030,Oxnard,California,United States,6.33,2.85,2.85,235.65,3879.51,0.143347114,2834.33,1705.55
28021,Madrid,Madrid,Spain,6.14,2.81,1.74,3.73,3883.25,0.003622255,1777.57,1705.62
22307,Hamburg,Hamburg,Germany,6.09,2.81,2.27,11.82,3895.07,0.008697747,2343.05,1707.03
90064,Los Angeles,California,United States,6.08,2.81,3.65,168.13,4063.19,0.076799952,3774.46,1746.61
90212,Beverly Hills,California,United States,6,2.79,3.69,146.48,4209.67,0.065218128,3872.34,1780.63
75226,Dallas,Texas,United States,5.81,2.76,3.76,13.68,4223.35,0.005792979,4070.16,1783.88
94102,San Francisco,California,United States,5.69,2.74,3.36,176.15,4399.49,0.081821867,3711.74,1821.76
641001,Coimbatore,Tamil Nadu,India,5.56,2.72,1.4,11.32,4410.81,0.01231867,1583.86,1821.06
7605,Leonia,New Jersey,United States,5.55,2.71,3.87,14.75,4620.04,0.005796664,4386.48,1864.12
93021,Moorpark,California,United States,5.55,2.71,3.24,194.48,4620.04,0.091261718,3674.21,1864.12
91362,Thousand Oaks,California,United States,5.45,2.7,2.83,259.32,4879.36,0.136895705,3265.99,1907.63
90066,Los Angeles,California,United States,5.38,2.68,3.32,651.15,5530.51,0.288806761,3887.29,2029.31
77350,Le Mee-sur-Seine,Seine-et-Marne,France,5.36,2.68,0.81,1.6,5532.11,0.002895396,953.98,2028.65
90048,Los Angeles,California,United States,5.26,2.66,3.59,421.46,5953.57,0.169367977,4290.39,2107.29
122001,Gurgaon,Haryana,India,5.19,2.65,1.55,25.32,5978.9,0.023170244,1884.37,2106.23
93101,Santa Barbara,California,United States,5.18,2.64,3.52,448.09,6426.98,0.180491339,4280.34,2183.56
93110,Santa Barbara,California,United States,5.12,2.63,3.48,143.92,6570.9,0.05798554,4279.28,2207.23
EC4N,London,England,United Kingdom,4.99,2.61,3.21,4998.72,11569.63,2.128078778,4049.89,2747.3
866-0055,Honmachi,Kumamoto,Japan,4.86,2.58,0.85,2.3,11571.92,0.003620414,1094.72,2746.48
90068,Los Angeles,California,United States,4.8,2.57,3.38,422.96,11994.89,0.164483029,4433.55,2783.83
6004,Perth,Western Australia,Australia,4.79,2.57,3.27,30.67,12025.56,0.012309994,4296.11,2786.33
80302,Boulder,Colorado,United States,4.78,2.56,2.8,191.99,12217.55,0.089799361,3686.21,2797.06
65100,Pescara,Provincia di Pescara,Italy,4.61,2.53,1.33,2.29,12219.84,0.002171462,1814.85,2796.78
92603,Irvine,California,United States,4.53,2.51,3.28,135.84,12355.67,0.051457723,4551.4,2808.68
2035,Maroubra,New South Wales,Australia,4.5,2.5,3.66,40.83,12396.51,0.013752321,5119.41,2812.87
80246,Denver,Colorado,United States,4.49,2.5,3.21,147.44,12543.95,0.056505902,4498.73,2825.31
97741,Madras,Oregon,United States,4.37,2.47,3.38,38.91,12582.86,0.013776719,4869.24,2828.98
90057,Los Angeles,California,United States,4.34,2.47,2.95,78.86,12661.71,0.031844045,4269.61,2834.94
DA14,Sidcup,Bexley,United Kingdom,4.31,2.46,3.72,27.35,12689.07,0.008687244,5428.67,2837.86
93004,Ventura,California,United States,4.26,2.45,2.82,124.1,13056.22,0.051465282,4157.61,2867.97
94954,Petaluma,California,United States,4.26,2.45,3.21,243.05,13056.22,0.088325653,4744.34,2867.97
CF44,Aberdare,Rhondda Cynon Taf,United Kingdom,4.24,2.44,3.36,16.77,13072.99,0.005799439,4985.29,2869.53
90731,San Pedro,California,United States,4.11,2.41,3.14,222.19,13295.17,0.079641011,4810.13,2889.01
90049,Los Angeles,California,United States,4.03,2.39,3.55,316.89,13612.06,0.09860398,5540.95,2921.56
93106,Santa Barbara,California,United States,4.01,2.39,3.61,171.17,13796.27,0.052141107,5660.1,2940.43
PO5,Southsea,Portsmouth,United Kingdom,4.01,2.39,3.3,13.04,13796.27,0.004341852,5178.12,2940.43
80204,Denver,Colorado,United States,3.97,2.38,2.99,338.25,14134.53,0.123072968,4738.63,2967.37
90266,Manhattan Beach,California,United States,3.91,2.36,3.55,242.01,14376.54,0.073150552,5704.07,2991.53
80301,Boulder,Colorado,United States,3.89,2.36,2.89,273.24,14649.77,0.100687237,4678.81,3011.79
91303,Canoga Park,California,United States,3.86,2.35,3.13,51.39,14863.93,0.017397656,5092.73,3028.08
94014,Daly City,California,United States,3.86,2.35,2.9,162.77,14863.93,0.059420924,4722.77,3028.08
90802,Long Beach,California,United States,3.77,2.33,2.87,300.27,15164.2,0.107931516,4796.62,3050.35
100,Colombo,Western Province,Sri Lanka,3.74,2.32,1.74,14.76,15178.96,0.008703082,2924.8,3050.22
2145,Constitution Hill,New South Wales,Australia,3.71,2.31,3.7,31.65,15210.61,0.008698148,6273.1,3053.49
91-462,?ód?,?ód? Voivodeship,Poland,3.69,2.31,1.19,13.68,15224.29,0.011605989,2032.11,3052.11
2111,Gladesville,New South Wales,Australia,3.66,2.3,4.6,66.38,15290.67,0.014487724,7899.41,3060.26
80260,Denver,Colorado,United States,3.61,2.28,2.91,249.01,15597.86,0.084766088,5064.95,3084.4
92834,Fullerton,California,United States,3.61,2.28,2.95,58.17,15597.86,0.019535138,5134.35,3084.4
93105,Santa Barbara,California,United States,3.57,2.27,3.41,313.23,15943.96,0.089785337,6014.98,3117.37
TW8,Brentford,Ealing,United Kingdom,3.57,2.27,3.41,32.87,15943.96,0.009421547,6014.66,3117.37
92009,Carlsbad,California,United States,3.49,2.25,3.73,414.53,16358.48,0.10635563,6719.9,3160.3
95054,Santa Clara,California,United States,3.44,2.24,3.39,380.2,16738.68,0.105810247,6195.17,3195.86
KT2,Kingston,Royal Kingston upon Thames,United Kingdom,3.43,2.23,4.01,24.74,16763.42,0.005803884,7348.94,3198.53
92121,San Diego,California,United States,3.41,2.23,3.77,140.24,16903.66,0.034791554,6949.82,3212.92
90060,Los Angeles,California,United States,3.38,2.22,3.76,58.81,17077.45,0.014473366,7005.25,3228.41
91764,Ontario,California,United States,3.38,2.22,3.06,114.98,17077.45,0.034818611,5693.72,3228.41
91361,Westlake Village,California,United States,3.3,2.19,3.27,62.95,17140.4,0.01741169,6233.77,3234.13
2145,Constitution Hill,New South Wales,Australia,3.29,2.19,3.7,31.65,17298.77,0.007713452,7073.92,3247.12
91739,Rancho Cucamonga,California,United States,3.29,2.19,2.87,126.72,17298.77,0.039819361,5486.97,3247.12
91325,Northridge,California,United States,3.28,2.19,3.11,165.28,17464.05,0.047766371,5965.95,3261.19
RH1,Redhill,Surrey,United Kingdom,3.27,2.18,3.43,55.43,17519.48,0.014491506,6594.62,3266.41
520001,Vijayawada,Andhra Pradesh,India,3.25,2.18,1.08,4.4,17523.88,0.003626422,2092.84,3265.95
80127,Littleton,Colorado,United States,3.21,2.17,3.16,371.44,17895.33,0.103438641,6191.29,3298.3
97707,Bend,Oregon,United States,3.2,2.16,3.7,27.51,17922.84,0.006517075,7278.37,3301.07
92707,Santa Ana,California,United States,3.13,2.14,3.13,129.66,18052.5,0.035540244,6290.03,3312.38
SE18,Woolwich,Greenwich,United Kingdom,3.07,2.12,3.2,43.98,18096.47,0.011572964,6551.59,3316.36
80263,Denver,Colorado,United States,3.05,2.12,2.82,136.55,18233.03,0.04050696,5812.16,3327.06
91201,Glendale,California,United States,3.04,2.11,3.04,258.61,18491.63,0.070968286,6282.79,3349.09
80305,Boulder,Colorado,United States,3.02,2.11,2.74,177.98,18669.61,0.053694243,5714.88,3362.36
1024,Auckland,Auckland,New Zealand,3,2.1,2.36,18.74,18688.35,0.006521813,4953.65,3363.45
2216,Rockdale,New South Wales,Australia,2.95,2.08,3.64,19.58,18785.43,0.004344974,7771.01,3372.75
M33,Sale,Trafford,United Kingdom,2.95,2.08,3.32,77.49,18785.43,0.018856202,7085.83,3372.75
90016,Los Angeles,California,United States,2.89,2.06,3.33,148.96,19186.3,0.035449015,7244.81,3408.97
94133,San Francisco,California,United States,2.89,2.06,3.06,251.91,19186.3,0.065263144,6655.09,3408.97
90047,Los Angeles,California,United States,2.83,2.04,3.22,111.06,19297.36,0.02678869,7148.13,3419.27
2000,Sydney,New South Wales,Australia,2.81,2.03,3.68,970.28,20267.64,0.202961975,8242.42,3517.81
90640,Montebello,California,United States,2.8,2.03,2.95,451.1,20718.74,0.11736408,6626.94,3554.12
17003,Girona,Girona,Spain,2.77,2.02,1.81,20.67,20739.41,0.008687695,4101.4,3554.59
26020,Eski?ehir,Eski?ehir,Turkey,2.76,2.02,0.3,0.85,20740.26,0.002170993,677.94,3553.97
92660,Newport Beach,California,United States,2.7,1.99,3.36,341.66,21081.93,0.075340745,7818.74,3585.67
4901,Waterville,Maine,United States,2.69,1.99,3.05,156.05,21237.97,0.037668123,7142.6,3598.83
3561,Littleton,New Hampshire,United States,2.68,1.99,3.17,34.35,21839.4,0.00796532,7434.36,3653.72
95117,San Jose,California,United States,2.68,1.99,3.39,567.09,21839.4,0.12300063,7949.02,3653.72
93109,Santa Barbara,California,United States,2.65,1.97,3.77,33.84,21873.25,0.006523442,8944.99,3657.07
90291,Venice,California,United States,2.62,1.96,3.78,190.42,22453.99,0.0361577,9080.14,3711.97
92651,Laguna Beach,California,United States,2.62,1.96,3.33,120.72,22453.99,0.026061183,7986.45,3711.97
94063,Redwood City,California,United States,2.62,1.96,3.52,269.6,22453.99,0.054991258,8452.69,3711.97
91754,Monterey Park,California,United States,2.56,1.94,2.98,157.04,22611.03,0.036966077,7324.42,3724.73
94925,Corte Madera,California,United States,2.54,1.93,3.36,59.42,22670.45,0.012320381,8315.22,3730.13
4073,Sanford,Maine,United States,2.52,1.92,3.02,85.42,22755.87,0.019528468,7541.57,3737.22
94115,San Francisco,California,United States,2.49,1.91,3.47,415.29,23171.16,0.081708786,8763.04,3776.03
2151,City of Parramatta,New South Wales,Australia,2.47,1.9,3.79,8.12,23692.63,0.001450879,9647.42,3822.03
92592,Temecula,California,United States,2.47,1.9,3.26,513.36,23692.63,0.106460736,8313.82,3822.03
KT1,Kingston,Royal Kingston upon Thames,United Kingdom,2.46,1.9,3.54,76.03,23768.66,0.014495021,9044,3829.1
90045,Los Angeles,California,United States,2.44,1.89,3.45,556.74,24325.4,0.107873617,8898.34,3879.69
92648,Huntington Beach,California,United States,2.42,1.88,3.05,298.98,24624.38,0.065065862,7922.46,3903.87
90094,Los Angeles,California,United States,2.41,1.88,4.06,151.43,24775.81,0.02461672,10605.74,3919.01
90402,Santa Monica,California,United States,2.39,1.87,3.4,146.91,25025.52,0.028266187,8960.95,3940.68
94030,Millbrae,California,United States,2.39,1.87,3.2,102.8,25025.52,0.021044244,8422.28,3940.68
NW1,Camden,Camden,United Kingdom,2.38,1.87,3.67,150.71,25176.23,0.026766175,9708.26,3954.75
92114,San Diego,California,United States,2.37,1.86,3.42,297.28,25473.52,0.05650501,9071,3980.95
93117,Goleta,California,United States,2.36,1.86,3.64,191.84,25665.35,0.034073225,9707.06,3998.58
28020,Madrid,Madrid,Spain,2.33,1.85,1.83,4.14,25677.48,0.001446798,4934.77,3999.42
3019,Braybrook,Victoria,Australia,2.33,1.85,3.52,7.99,25677.48,0.001451243,9494.14,3999.42
80309,Boulder,Colorado,United States,2.32,1.84,2.78,414.68,26092.17,0.09488448,7535.17,4029.47
173 11,Stockholm,Stockholm,Sweden,2.3,1.83,2.68,101.71,26350.2,0.023899356,7337.25,4050.39
91436,Encino,California,United States,2.3,1.83,3.49,156.33,26350.2,0.028274177,9532.66,4050.39
2009,Pyrmont,New South Wales,Australia,2.26,1.82,3.85,49.58,26399.78,0.007973412,10721.29,4055.13
90265,Malibu,California,United States,2.25,1.81,3.21,94.52,26893.39,0.018144351,8981.26,4097.41
92656,Aliso Viejo,California,United States,2.25,1.81,3.34,399.09,26893.39,0.073743819,9330.79,4097.41
91001,Altadena,California,United States,2.21,1.79,3.42,241.15,27173.62,0.042766732,9721.96,4122.15
SE1,Lambeth,Lambeth,United Kingdom,2.21,1.79,3.62,39.08,27173.62,0.006532582,10313.58,4122.15
90010,Los Angeles,California,United States,2.2,1.79,3.51,97.28,27270.89,0.016695078,10045.96,4130.84
80601,Brighton,Colorado,United States,2.17,1.77,2.9,105.79,27376.68,0.021695416,8407.15,4138.97
91302,Calabasas,California,United States,2.15,1.77,3.14,196.87,27573.55,0.036973035,9180.35,4155.26
94105,San Francisco,California,United States,2.14,1.76,3.86,238.72,27812.27,0.036304377,11336.95,4177.98
83500,La Seyne-sur-Mer,Var,France,2.12,1.75,1.18,5.89,28094.73,0.002892642,3507.79,4199.73
94523,Pleasant Hill,California,United States,2.12,1.75,3,276.58,28094.73,0.053630321,8891.5,4199.73
90277,Redondo Beach,California,United States,2.11,1.75,3.32,199.12,28293.85,0.034730781,9885.11,4216.8
91403,Sherman Oaks,California,United States,2.1,1.74,3.46,212.98,28506.83,0.035468885,10352.94,4235.55
92614,Irvine,California,United States,2.05,1.72,3.42,467.85,28974.68,0.076796433,10503.69,4276.76
81623,Carbondale,Colorado,United States,2.04,1.71,3.06,115.27,29089.96,0.021048511,9442.34,4286.05
94501,Alameda,California,United States,2.03,1.71,2.93,487.52,29577.47,0.092534258,9083.62,4323.69
90278,Redondo Beach,California,United States,2.02,1.7,3.45,488.69,30066.16,0.07841176,10745.35,4366.1
92618,Irvine,California,United States,2,1.69,3.35,379.62,30716.52,0.062211338,10520.76,4421.76
93420,Arroyo Grande,California,United States,2,1.69,3.54,270.74,30716.52,0.04194404,11129.07,4421.76
90405,Santa Monica,California,United States,1.96,1.67,3.45,302.17,31018.69,0.047050191,11072.82,4447.78
93036,Oxnard,California,United States,1.93,1.66,2.86,148.54,31167.23,0.027488812,9316.65,4458.89
90027,Los Angeles,California,United States,1.92,1.65,3.43,727.47,31894.69,0.111592619,11239.58,4521.1
94560,Newark,California,United States,1.9,1.64,2.95,320.36,32215.06,0.056619764,9755.36,4545.35
90036,Los Angeles,California,United States,1.87,1.63,3.27,666.24,33040.7,0.104568383,10985.02,4613.63
92606,Irvine,California,United States,1.87,1.63,3.53,159.41,33040.7,0.02312191,11886.62,4613.63
90034,Los Angeles,California,United States,1.81,1.59,3.4,799.54,33840.24,0.116569288,11825.78,4681.09
80227,Denver,Colorado,United States,1.78,1.58,3.09,188.28,34028.53,0.029722841,10921.67,4695.93
90035,Los Angeles,California,United States,1.77,1.57,3.54,311.94,34340.47,0.042697705,12596.19,4722.84
80203,Denver,Colorado,United States,1.74,1.55,3.07,483.87,35407.4,0.075228431,11089.65,4809.91
90403,Santa Monica,California,United States,1.74,1.55,3.6,332.98,35407.4,0.044118578,13012.54,4809.91
91106,Pasadena,California,United States,1.74,1.55,3.3,250.09,35407.4,0.03615136,11927.53,4809.91
38100,Trento,Trento,Italy,1.7,1.53,1.45,6.76,35414.17,0.002170393,5373.83,4810.01
2229,Caringbah,New South Wales,Australia,1.69,1.52,3.82,35.89,35450.05,0.004347222,14232.43,4813.24
90095,Los Angeles,California,United States,1.67,1.51,3.1,475.97,35926.03,0.070331409,11668.23,4850.99
94025,Menlo Park,California,United States,1.65,1.5,2.08,616.14,36542.16,0.133839188,7937.16,4883.01
80150,Englewood,Colorado,United States,1.64,1.49,3.34,26.94,36569.1,0.003622875,12819.56,4885.23
BN2,Brighton,Brighton and Hove,United Kingdom,1.63,1.49,3.45,341.27,36910.37,0.044195123,13313.49,4914
91320,Newbury Park,California,United States,1.61,1.48,2.9,305.1,37215.47,0.046387873,11340.09,4936.93
93012,Camarillo,California,United States,1.6,1.47,2.91,235.53,37451,0.035491888,11441.58,4954.65
94119,San Francisco,California,United States,1.59,1.46,3.38,478.43,37929.43,0.061595534,13391.82,4994.34
90250,Hawthorne,California,United States,1.58,1.46,3.3,359.32,38652.65,0.047114196,13149.42,5052.95
95050,Santa Clara,California,United States,1.58,1.46,3.3,363.89,38652.65,0.047775038,13132.4,5052.95
90404,Santa Monica,California,United States,1.57,1.45,3.62,206.63,38859.27,0.02458068,14493.29,5070.51
91360,Thousand Oaks,California,United States,1.56,1.44,3.26,331.9,39191.17,0.043594439,13126.38,5097
80206,Denver,Colorado,United States,1.54,1.43,3.19,864.53,40125.51,0.114368662,13033.08,5169.97
82609,Casper,Wyoming,United States,1.54,1.43,2.91,69.8,40125.51,0.010122912,11888.34,5169.97
92677,Laguna Niguel,California,United States,1.53,1.43,3.29,540.08,40665.59,0.068794471,13535.63,5212.75
63197,Tepic,Nayarit,Mexico,1.52,1.42,1.62,8.4,40673.99,0.002166758,6685.27,5212.99
80013,Aurora,Colorado,United States,1.5,1.41,2.93,654.72,41523.13,0.09185097,12289.83,5274.14
80537,Loveland,Colorado,United States,1.5,1.41,2.69,194.42,41523.13,0.029757828,11264.65,5274.14
90019,Los Angeles,California,United States,1.49,1.4,3.36,488.19,42247.55,0.059424444,14164.41,5330.83
92688,Rancho Santa Margarita,California,United States,1.49,1.4,3.16,236.22,42247.55,0.030526337,13341.7,5330.83
93033,Oxnard,California,United States,1.46,1.38,2.84,247.51,42495.06,0.034815492,12257.45,5348.44
NW8,London,England,United Kingdom,1.45,1.37,3.16,51.69,42685.19,0.006504731,13700.27,5363.84
SW6,Fulham,Hammersmith and Fulham,United Kingdom,1.45,1.37,3.61,138.45,42685.19,0.015260382,15641.8,5363.84
11050,Port Washington,New York,United States,1.44,1.36,4.1,233.36,42918.55,0.022489481,17890.29,5384.34
80110,Englewood,Colorado,United States,1.43,1.36,3.07,130.23,43389.22,0.016632335,13500.16,5421.63
94114,San Francisco,California,United States,1.43,1.36,3.46,340.43,43389.22,0.038523255,15236.34,5421.63
91344,Granada Hills,California,United States,1.42,1.35,2.92,228.55,43617.77,0.030476224,12929.74,5438.18
80209,Denver,Colorado,United States,1.4,1.34,2.92,689.89,44682.38,0.09053265,13138.49,5510.8
80504,Longmont,Colorado,United States,1.4,1.34,2.38,374.72,44682.38,0.060317413,10711.14,5510.8
80108,Castle Rock,Colorado,United States,1.38,1.32,3.1,124.68,44807.05,0.01521275,14130.48,5520.17
2010,Darlinghurst,New South Wales,Australia,1.37,1.31,4.1,55.33,44986.82,0.005071486,18811.09,5535.71
2026,Bondi,New South Wales,Australia,1.37,1.31,3.84,59.47,44986.82,0.005812629,17639.43,5535.71
2141,Lidcombe,New South Wales,Australia,1.37,1.31,4.21,64.97,44986.82,0.005800651,19310.29,5535.71
KT17,Epsom,Surrey,United Kingdom,1.36,1.31,3.6,42.05,45028.87,0.004348893,16670.53,5539.17
92697,Irvine,California,United States,1.35,1.3,3.22,208.09,45236.96,0.023916549,15001.14,5555.29
94109,San Francisco,California,United States,1.34,1.29,3.49,776.6,46464.24,0.081729527,16382.91,5652.38
95124,San Jose,California,United States,1.34,1.29,3.22,450.68,46464.24,0.051453344,15101.73,5652.38
4217,Bethel,Maine,United States,1.33,1.29,2.67,21.28,46775.04,0.002905292,12629.07,5674.77
80021,Broomfield,Colorado,United States,1.33,1.29,2.96,289.51,46775.04,0.035604992,14019.47,5674.77
500032,Hyderabad,Telangana,India,1.32,1.28,1.94,15.53,46790.56,0.002890162,9261.93,5675.5
91604,Studio City,California,United States,1.31,1.27,3.26,282.41,47072.97,0.031126518,15642.89,5697.28
91367,Woodland Hills,California,United States,1.3,1.26,3.14,434.32,48430.24,0.049263541,15200.59,5799.59
92504,Riverside,California,United States,1.3,1.26,3.13,190.36,48430.24,0.021653547,15157.26,5799.59
92620,Irvine,California,United States,1.3,1.26,3.21,732.59,48430.24,0.081267813,15542.23,5799.59
DL10,Richmond,North Yorkshire,United Kingdom,1.29,1.25,3.05,12.47,48442.72,0.001446383,14867.66,5800.51
80022,Commerce City,Colorado,United States,1.28,1.25,2.97,196.79,48639.51,0.023229907,14605.95,5814.69
91356,Tarzana,California,United States,1.27,1.24,3.11,77.5,49336.02,0.00866832,15415.76,5863.75
92683,Westminster,California,United States,1.27,1.24,2.8,559.76,49336.02,0.06968352,13849.82,5863.75
N16,Stoke Newington,Hackney,United Kingdom,1.27,1.24,3.57,59.25,49336.02,0.005776996,17682.95,5863.75
92612,Irvine,California,United States,1.26,1.23,3.27,533.69,50299.74,0.056446755,16301.44,5935.01
92886,Yorba Linda,California,United States,1.26,1.23,3.01,430.03,50299.74,0.04934096,15026.58,5935.01
80922,Colorado Springs,Colorado,United States,1.25,1.22,2.96,282.74,50732.3,0.03267464,14919.23,5966.47
90007,Los Angeles,California,United States,1.25,1.22,3.36,149.81,50732.3,0.015264062,16922.02,5966.47
80238,Denver,Colorado,United States,1.2,1.18,3.08,817.19,51861.93,0.087336493,16132.43,6051.07
95062,Santa Cruz,California,United States,1.2,1.18,3.47,312.45,51861.93,0.029579986,18211.59,6051.07
9000,Cagayan de Oro,Province of Misamis Oriental,Philippines,1.18,1.17,0.85,242.79,52104.72,0.092204616,4540,6041.7
80215,Denver,Colorado,United States,1.17,1.16,3,387.76,52974.52,0.041457211,16126.35,6106.55
91601,North Hollywood,California,United States,1.17,1.16,3.21,303.41,52974.52,0.030299074,17265.15,6106.55
SE1,Bermondsey,Southwark,United Kingdom,1.17,1.16,3.6,178.63,52974.52,0.015904591,19364.02,6106.55
92701,Santa Ana,California,United States,1.16,1.15,2.87,189.62,53164.14,0.021006186,15563.48,6119.82
80202,Denver,Colorado,United States,1.15,1.14,3.12,717.35,54404.97,0.072561332,17045.12,6210.08
80230,Denver,Colorado,United States,1.15,1.14,3.06,224.77,54404.97,0.023143954,16744.31,6210.08
91311,Chatsworth,California,United States,1.15,1.14,3.03,298.71,54404.97,0.031101631,16559.38,6210.08
92870,Placentia,California,United States,1.14,1.13,3.05,400.93,55048.69,0.041136333,16804.24,6256.91
94555,Fremont,California,United States,1.14,1.13,3.27,242.78,55048.69,0.023189535,18050.64,6256.91
91607,Valley Village,California,United States,1.13,1.12,3.35,172.87,55221.56,0.016002511,18625.09,6269.94
8002,Barcelona,Barcelona,Spain,1.11,1.1,1.74,37.19,55258.75,0.006505145,9857.82,6271.48
411001,Pune,Maharashtra,India,1.1,1.1,1.72,74.35,55333.1,0.013024056,9842.87,6274.54
91030,South Pasadena,California,United States,1.09,1.09,3.13,250.69,55583.79,0.023921529,18068.33,6293.06
11590,Westbury,New York,United States,1.08,1.08,3.85,245.57,56260.44,0.018863343,22445.73,6346.12
92679,Trabuco Canyon,California,United States,1.08,1.08,3.41,283.09,56260.44,0.02458764,19851.21,6346.12
CM1,Chelmsford,Essex,United Kingdom,1.08,1.08,3.36,147.98,56260.44,0.013050627,19549.61,6346.12
90808,Long Beach,California,United States,1.07,1.07,2.94,203.34,57147.66,0.020309052,17262.18,6411.24
94107,San Francisco,California,United States,1.07,1.07,3.06,446.06,57147.66,0.042696383,18012.47,6411.24
HA2,Harrow,Harrow,United Kingdom,1.07,1.07,3.45,196.95,57147.66,0.016719949,20309.1,6411.24
SG4,Hitchin,Hertfordshire,United Kingdom,1.07,1.07,3.3,40.88,57147.66,0.003636391,19382.98,6411.24
91304,Canoga Park,California,United States,1.05,1.05,3.23,228.62,57511,0.020338232,19380.44,6438.3
93023,Ojai,California,United States,1.05,1.05,3.14,134.73,57511,0.01235093,18807.51,6438.3
2060,Sydney,New South Wales,Australia,1.04,1.04,3.77,85.96,57954.43,0.006503442,22788,6470.64
524-0013,Moriyama,Shiga,Japan,1.04,1.04,0.97,4.93,57954.43,0.00145061,5861.76,6470.64
80026,Lafayette,Colorado,United States,1.04,1.04,2.79,211.7,57954.43,0.021663922,16848.22,6470.64
GU11,Farnborough,Hampshire,United Kingdom,1.04,1.04,3.48,53.11,57954.43,0.004345879,21070.36,6470.64
W12,Shepherds Bush,Hammersmith and Fulham,United Kingdom,1.04,1.04,3.46,87.72,57954.43,0.007232715,20911.86,6470.64
90292,Marina del Rey,California,United States,1.03,1.03,3.81,155.95,58110.38,0.011544547,23291.01,6483.2
80004,Arvada,Colorado,United States,0.98,0.98,3,217.81,58766.05,0.019524662,19234.27,6532.48
90024,Los Angeles,California,United States,0.98,0.98,3.28,247.58,58766.05,0.02026265,21066.03,6532.48
95121,San Jose,California,United States,0.98,0.98,3.06,190.28,58766.05,0.016695319,19650.79,6532.48
92831,Fullerton,California,United States,0.97,0.97,2.98,284.72,59050.77,0.025371866,19347.93,6553.41
90042,Los Angeles,California,United States,0.96,0.96,3.21,448.98,59645.24,0.036822112,21022.64,6599.13
NW3,Hampstead,Camden,United Kingdom,0.96,0.96,3.53,145.5,59645.24,0.010847108,23126.41,6599.13
91801,Alhambra,California,United States,0.95,0.95,2.84,435.62,60179.06,0.039886104,18830.29,6637.52
94134,San Francisco,California,United States,0.95,0.95,2.95,98.2,60179.06,0.008661325,19547.09,6637.52
90020,Los Angeles,California,United States,0.94,0.94,3.25,474.05,61975.72,0.037564561,21757.78,6776.48
90046,Los Angeles,California,United States,0.94,0.94,3.52,553.96,61975.72,0.040548446,23554.71,6776.48
95035,Milpitas,California,United States,0.94,0.94,3.39,768.65,61975.72,0.058458484,22670.18,6776.48
2145,Greystanes,New South Wales,Australia,0.93,0.93,3.88,37.36,62824.56,0.002457457,26212.8,6841.42
2170,Casula,New South Wales,Australia,0.93,0.93,3.59,40.77,62824.56,0.002894631,24284.83,6841.42
94022,Los Altos,California,United States,0.93,0.93,3.54,211.64,62824.56,0.015237802,23947.16,6841.42
94403,San Mateo,California,United States,0.93,0.93,3.26,559.06,62824.56,0.043648473,22083.34,6841.42
3205,North Melbourne,Victoria,Australia,0.92,0.92,3.77,43.49,63625.36,0.002910453,25763.1,6902.46
94103,San Francisco,California,United States,0.92,0.92,3.34,688.1,63625.36,0.052020771,22805.87,6902.46
SE1P,Southwark,Southwark,United Kingdom,0.92,0.92,3.43,69.21,63625.36,0.005093878,23425.75,6902.46
92801,Anaheim,California,United States,0.91,0.91,2.95,111.38,63836.83,0.009427333,20370.79,6918.14
BA21,Yeovil,Somerset,United Kingdom,0.91,0.91,3.44,100.09,63836.83,0.007247243,23810.49,6918.14
80015,Aurora,Colorado,United States,0.9,0.89,2.83,482.92,64578.28,0.042168635,19745.13,6972.03
90245,El Segundo,California,United States,0.9,0.89,3.5,258.53,64578.28,0.018207518,24481.2,6972.03
91335,Reseda,California,United States,0.89,0.88,3.09,422.7,65000.99,0.033380506,21833.14,7003.03
90248,Gardena,California,United States,0.88,0.87,3.55,42.77,65043.76,0.002902123,25411.64,7006.37
94530,El Cerrito,California,United States,0.87,0.86,3.16,201.75,65368.66,0.015244708,22817.69,7031.16
SW1,City of Westminster,City of Westminster,United Kingdom,0.87,0.86,3.67,123.15,65368.66,0.007997507,26548.75,7031.16
SE5,Camberwell,Southwark,United Kingdom,0.86,0.85,3.49,182.07,65550.73,0.012286908,25548.34,7045.34
92630,Lake Forest,California,United States,0.84,0.83,3.3,521.57,66072.3,0.036388081,24713.11,7085.33
11103,Astoria,New York,United States,0.83,0.81,3.56,271.37,67949.96,0.017340275,26982.58,7225.82
80226,Denver,Colorado,United States,0.83,0.81,2.91,351.87,67949.96,0.027520211,22044.3,7225.82
90026,Los Angeles,California,United States,0.83,0.81,3.33,468.58,67949.96,0.032036343,25218.09,7225.82
94607,Oakland,California,United States,0.83,0.81,3.08,147.02,67949.96,0.010871599,23316.14,7225.82
95112,San Jose,California,United States,0.83,0.81,3.02,564.99,67949.96,0.042579395,22877.68,7225.82
CR4,Mitcham,Merton,United Kingdom,0.83,0.81,3.32,73.84,67949.96,0.005062655,25145.27,7225.82
1010,Auckland,Auckland,New Zealand,0.82,0.8,2.36,76.02,68931.75,0.007247054,18085.66,7298.37
2145,Greystanes,New South Wales,Australia,0.82,0.8,3.88,37.36,68931.75,0.00216679,29729.15,7298.37
80220,Denver,Colorado,United States,0.82,0.8,3.09,456.92,68931.75,0.033193918,23733.29,7298.37
94596,Walnut Creek,California,United States,0.82,0.8,3.28,411.49,68931.75,0.028165666,25188.75,7298.37
1553,Bucharest,Bucuresti,Romania,0.81,0.79,0.73,28.46,69123.96,0.008702721,5638.35,7306.02
80528,Fort Collins,Colorado,United States,0.81,0.79,3.05,119.3,69123.96,0.008683921,23686.37,7306.02
862-0953,Kumamoto,Kumamoto,Japan,0.81,0.79,0.9,44.45,69123.96,0.010918159,7018.88,7306.02
94536,Fremont,California,United States,0.8,0.78,2.91,1052.38,70819.03,0.079198161,22910.25,7429.57
95126,San Jose,California,United States,0.8,0.78,3.21,437.71,70819.03,0.029854626,25278.02,7429.57
96814,Honolulu,Hawaii,United States,0.8,0.78,3.57,106.1,70819.03,0.006509445,28101.08,7429.57
WF1,Wakefield,Wakefield,United Kingdom,0.8,0.78,3.32,98.88,70819.03,0.006535643,26085.53,7429.57
11201,Brooklyn,New York,United States,0.79,0.76,4.28,811.97,72528.58,0.041081469,34077.3,7563.33
80503,Longmont,Colorado,United States,0.79,0.76,2.68,187.77,72528.58,0.015186432,21318.17,7563.33
90067,Los Angeles,California,United States,0.79,0.76,3.68,258.93,72528.58,0.015249728,29275.1,7563.33
92122,San Diego,California,United States,0.79,0.76,3.55,450.88,72528.58,0.027535714,28231.78,7563.33
94085,Sunnyvale,California,United States,0.78,0.75,3.54,347.11,72875.69,0.020951554,28564.26,7589.91
90004,Los Angeles,California,United States,0.77,0.74,2.86,557.65,73831.14,0.041171259,23353.02,7658.64
94303,Palo Alto,California,United States,0.77,0.74,3.31,397.79,73831.14,0.02535759,27047,7658.64
1210,Vienna,Vienna,Austria,0.76,0.73,1.18,12.28,75157.23,0.002163013,9789.38,7757.56
90009,Los Angeles,California,United States,0.76,0.73,3.37,1141.27,75157.23,0.070494436,27913.03,7757.56
W14,Hammersmith,Hammersmith and Fulham,United Kingdom,0.76,0.73,3.55,172.54,75157.23,0.010132079,29360.4,7757.56
90504,Torrance,California,United States,0.74,0.7,2.98,170.59,75327.83,0.011616031,25320.61,7769.76
92037,La Jolla,California,United States,0.73,0.69,3.59,234.03,76067.36,0.013033847,30957.64,7824.65
94108,San Francisco,California,United States,0.73,0.69,3,174.03,76067.36,0.011620831,25820.59,7824.65
99654,Wasilla,Alaska,United States,0.73,0.69,3.15,331.48,76067.36,0.02104009,27162.96,7824.65
94538,Fremont,California,United States,0.71,0.66,3.24,481.38,76548.74,0.028942096,28676.83,7860.6
870-0022,?ita,Oita,Japan,0.7,0.64,0.86,26.23,77526.24,0.005820287,7770.46,7933.01
94117,San Francisco,California,United States,0.7,0.64,3.4,651.91,77526.24,0.036745714,30588.05,7933.01
CV1,Coventry,Coventry,United Kingdom,0.7,0.64,3.46,299.35,77526.24,0.016620361,31053.97,7933.01
1091,Amsterdam,North Holland,Netherlands,0.69,0.63,2.51,57.6,79396.44,0.004331895,22925.35,8069.58
80129,Littleton,Colorado,United States,0.69,0.63,3.13,132.63,79396.44,0.008023199,28502.1,8069.58
80221,Denver,Colorado,United States,0.69,0.63,2.92,279.05,79396.44,0.018092014,26593.12,8069.58
92780,Tustin,California,United States,0.69,0.63,3.02,413.95,79396.44,0.025931152,27523.16,8069.58
94402,San Mateo,California,United States,0.69,0.63,2.83,205.55,79396.44,0.013752989,25768.41,8069.58
95060,Santa Cruz,California,United States,0.69,0.63,3.49,415.18,79396.44,0.022511991,31797.68,8069.58
95129,San Jose,California,United States,0.69,0.63,3.18,366.24,79396.44,0.021774762,28999.28,8069.58
90012,Los Angeles,California,United States,0.68,0.61,2.89,202.37,80267.02,0.013037165,26762.77,8135.13
92130,San Diego,California,United States,0.68,0.61,3.58,668.2,80267.02,0.034792006,33113.21,8135.13
3000,Melbourne,Victoria,Australia,0.67,0.6,3.33,1108.14,81688.71,0.061192498,31222.46,8241.51
90069,West Hollywood,California,United States,0.67,0.6,3.46,313.55,81688.71,0.016632441,32503.26,8241.51
930-0006,Toyama,Toyama,Japan,0.66,0.58,0.87,24.5,81997.93,0.005086375,8303.38,8261.9
93500,Pantin,Seine-Saint-Denis,France,0.66,0.58,0.94,7.54,81997.93,0.001453055,8951.08,8261.9
94521,Concord,California,United States,0.66,0.58,3.17,277.18,81997.93,0.015831471,30186.7,8261.9
10022,New York,New York,United States,0.65,0.57,4.38,1236.79,83458.54,0.050257074,42429.62,8361.58
1607,Pasig,Province of Pampanga,Philippines,0.65,0.57,0.85,223.83,83458.54,0.046918843,8225.23,8361.58
2010,Darlinghurst,New South Wales,Australia,0.64,0.55,4.1,55.33,84390.52,0.002369161,40267.49,8430.38
90501,Torrance,California,United States,0.64,0.55,3.07,252.93,84390.52,0.014457723,30163.1,8430.38
92584,Menifee,California,United States,0.64,0.55,3.2,357.63,84390.52,0.019587447,31479.2,8430.38
94089,Sunnyvale,California,United States,0.64,0.55,3.4,266.09,84390.52,0.013746751,33373.29,8430.38
8837,Edison,New Jersey,United States,0.63,0.54,3.11,415.46,85625.78,0.023042607,31086.6,8512.24
94544,Hayward,California,United States,0.63,0.54,2.31,819.79,85625.78,0.06117604,23104.34,8512.24
4605,Ellsworth,Maine,United States,0.62,0.52,2.98,63.66,86058.93,0.003626112,30267.71,8541.35
80038,Broomfield,Colorado,United States,0.62,0.52,2.91,124.13,86058.93,0.007244241,29543.89,8541.35
8010,Graz,Styria,Austria,0.62,0.52,1.28,43.67,86058.93,0.005781475,13024.13,8541.35
80516,Erie,Colorado,United States,0.62,0.52,2.94,201.68,86058.93,0.011675016,29784.13,8541.35
80223,Denver,Colorado,United States,0.61,0.51,2.86,442.53,86983.44,0.025868928,29494.18,8608.85
94118,San Francisco,California,United States,0.61,0.51,3.49,481.99,86983.44,0.023075143,36013.36,8608.85
10409,Berlin,Land Berlin,Germany,0.6,0.49,2.19,58.19,88321.24,0.004362246,23000.04,8706.49
69100,Villeurbanne,Rhône,France,0.6,0.49,1.15,20.09,88321.24,0.002880376,12023.99,8706.49
80435,Dillon,Colorado,United States,0.6,0.49,2.99,52.58,88321.24,0.002896496,31297.49,8706.49
90044,Los Angeles,California,United States,0.6,0.49,3.22,155.51,88321.24,0.007947979,33734.26,8706.49
90210,Beverly Hills,California,United States,0.6,0.49,3.35,458.06,88321.24,0.022465845,35153.89,8706.49
90401,Santa Monica,California,United States,0.6,0.49,3.58,47.26,88321.24,0.002170536,37536.81,8706.49
94306,Palo Alto,California,United States,0.6,0.49,3.41,285.76,88321.24,0.013781413,35750.88,8706.49
94703,Berkeley,California,United States,0.6,0.49,3.28,260.35,88321.24,0.01305469,34384.1,8706.49
10367,Berlin,Land Berlin,Germany,0.59,0.47,2.14,57.34,90317.21,0.004334375,22809.5,8845.56
20099,Hamburg,Hamburg,Germany,0.59,0.47,2.24,654.07,90317.21,0.04724002,23871.92,8845.56
91502,Burbank,California,United States,0.59,0.47,3.34,89.47,90317.21,0.00433053,35620.38,8845.56
80211,Denver,Colorado,United States,0.59,0.47,3.01,418.86,90317.21,0.022521269,32066.33,8845.56
93401,San Luis Obispo,California,United States,0.59,0.47,3.59,373.04,90317.21,0.0167935,38298.93,8845.56
93446,Paso Robles,California,United States,0.59,0.47,3.55,271.27,90317.21,0.012342259,37895.39,8845.56
CM14,Brentwood,Essex,United Kingdom,0.59,0.47,3.45,30.93,90317.21,0.001447793,36829.6,8845.56
W2,Paddington,City of Westminster,United Kingdom,0.59,0.47,3.22,100.99,90317.21,0.005070465,34340.18,8845.56
10010,New York,New York,United States,0.58,0.46,4.57,788.67,91678.2,0.027455918,49525.8,8948.71
91722,Covina,California,United States,0.58,0.46,2.45,145.45,91678.2,0.009440355,26563.46,8948.71
92647,Huntington Beach,California,United States,0.58,0.46,2.88,261.71,91678.2,0.014444519,31238.41,8948.71
95110,San Jose,California,United States,0.58,0.46,3.31,165.16,91678.2,0.007941954,35854.72,8948.71
1001,Sydney,New South Wales,Australia,0.57,0.44,3.24,1134.5,93481.05,0.054788126,35701.67,9078.33
201301,Noida,Uttar Pradesh,India,0.57,0.44,1.57,50.83,93481.05,0.00506314,17309.19,9078.33
91301,Agoura Hills,California,United States,0.57,0.44,3.17,251.57,93481.05,0.012386279,35018.43,9078.33
94707,Berkeley,California,United States,0.57,0.44,3.18,365.95,93481.05,0.01796764,35116.02,9078.33
10317,Berlin,Land Berlin,Germany,0.56,0.42,2.17,720.12,94201.17,0.050995696,24346.82,9122.06
90272,Pacific Palisades,California,United States,0.55,0.4,3.55,169.24,94370.41,0.007191568,40574.73,9134.76
95131,San Jose,California,United States,0.54,0.38,2.77,662.95,95033.36,0.035372567,32313.65,9180.7
SE6,Catford,Lewisham,United Kingdom,0.53,0.37,3.23,95.75,95129.11,0.004312591,38279.12,9187.73
92866,Orange,California,United States,0.52,0.35,2.93,178.73,95491.72,0.008680597,35499.26,9213.75
93906,Salinas,California,United States,0.52,0.35,2.99,183.89,95491.72,0.008751772,36226.43,9213.75
1150,Auckland,Auckland,New Zealand,0.51,0.33,2.29,177.52,95883.91,0.010817749,28293.7,9241.16
90065,Los Angeles,California,United States,0.51,0.33,3.2,214.66,95883.91,0.009362848,39529.69,9241.16
80218,Denver,Colorado,United States,0.5,0.31,3.02,559.24,97161.44,0.025376568,37995.62,9334.76
80602,Brighton,Colorado,United States,0.5,0.31,2.94,154.97,97161.44,0.00721175,37048.72,9334.76
91202,Glendale,California,United States,0.5,0.31,3.13,282.75,97161.44,0.012391206,39341.75,9334.76
WV1,Wolverhampton,Wolverhampton,United Kingdom,0.5,0.31,3.32,280.58,97161.44,0.011597619,41711.51,9334.76
90230,Culver City,California,United States,0.49,0.29,3.44,203.83,99291.32,0.007952181,44192.75,9486.52
92805,Anaheim,California,United States,0.49,0.29,2.93,302.21,99291.32,0.01383513,37661.15,9486.52
94104,San Francisco,California,United States,0.49,0.29,3.6,365.07,99291.32,0.013629484,46181.06,9486.52
95051,Santa Clara,California,United States,0.49,0.29,2.62,1258.78,99291.32,0.064599953,33596.29,9486.52
75011,Paris,Paris,France,0.48,0.27,1.22,27,100513.2,0.002913302,15977.57,9576.09
90063,Los Angeles,California,United States,0.48,0.27,3.05,532.12,100513.2,0.022973187,39935.83,9576.09
93103,Santa Barbara,California,United States,0.48,0.27,3.42,113.3,100513.2,0.004359614,44806.36,9576.09
93455,Santa Maria,California,United States,0.48,0.27,3.49,361.83,100513.2,0.013642669,45727.55,9576.09
W8,Kensington,Royal Kensington and Chelsea,United Kingdom,0.48,0.27,3.38,187.63,100513.2,0.007313892,44231.66,9576.09
80208,Denver,Colorado,United States,0.47,0.24,3,862.21,101990.62,0.036996938,40180.77,9682.26
82002,Cheyenne,Wyoming,United States,0.47,0.24,2.65,89.02,101990.62,0.00433424,35410.85,9682.26
91411,Van Nuys,California,United States,0.47,0.24,3.3,74.06,101990.62,0.002889444,44189.5,9682.26
94541,Hayward,California,United States,0.47,0.24,2.85,452.14,101990.62,0.020428887,38159.1,9682.26
10021,New York,New York,United States,0.46,0.22,4.38,779.75,103167.52,0.022439961,59911.18,9773
90031,Los Angeles,California,United States,0.46,0.22,3.17,144.26,103167.52,0.005733593,43380.69,9773
92596,Winchester,California,United States,0.46,0.22,3.12,108.18,103167.52,0.004369702,42685.74,9773
95401,Santa Rosa,California,United States,0.46,0.22,2.82,144.69,103167.52,0.006457769,38630.84,9773
75001,Paris,Paris,France,0.45,0.2,1.15,723.64,106646.69,0.077735383,16049.99,9993.9
90077,Los Angeles,California,United States,0.45,0.2,3.46,182.98,106646.69,0.006516471,48413.13,9993.9
92069,San Marcos,California,United States,0.45,0.2,3.5,353.09,106646.69,0.012442903,48925.78,9993.9
92626,Costa Mesa,California,United States,0.45,0.2,1.72,725.8,106646.69,0.05216432,23989.24,9993.9
93010,Camarillo,California,United States,0.45,0.2,2.85,266.2,106646.69,0.011518714,39845.22,9993.9
11237,Brooklyn,New York,United States,0.45,0.2,4.41,847.11,106646.69,0.023712525,61593.13,9993.9
LE1,Leicester,Leicester,United Kingdom,0.45,0.2,3.39,380.36,106646.69,0.013829653,47419.14,9993.9
92804,Anaheim,California,United States,0.44,0.18,2.88,384.59,107675.61,0.016088143,41216.29,10067.56
93065,Simi Valley,California,United States,0.44,0.18,2.97,468.57,107675.61,0.019050351,42407.89,10067.56
94301,Palo Alto,California,United States,0.44,0.18,3.28,175.75,107675.61,0.006458116,46919.32,10067.56
1000,Brussels,Brussels Capital,Belgium,0.43,0.16,2.51,77.15,108953.76,0.003627134,36674.36,10159.5
2137,Concord,New South Wales,Australia,0.43,0.16,4.81,117.57,108953.76,0.002882581,70322.1,10159.5
80122,Littleton,Colorado,United States,0.43,0.16,3.13,385.66,108953.76,0.014499855,45857.25,10159.5
94131,San Francisco,California,United States,0.43,0.16,3.16,155.75,108953.76,0.005817182,46161.74,10159.5
95125,San Jose,California,United States,0.43,0.16,2.75,542.03,108953.76,0.023202626,40276.84,10159.5
80205,Denver,Colorado,United States,0.42,0.13,2.94,610,110340.67,0.02389597,44012.66,10255.56
91101,Pasadena,California,United States,0.42,0.13,1.9,367.19,110340.67,0.022299077,28390.81,10255.56
91364,Woodland Hills,California,United States,0.42,0.13,3.3,186.67,110340.67,0.006521241,49353.35,10255.56
EX2,Exeter,Devon,United Kingdom,0.42,0.13,3.52,132.84,110340.67,0.004343132,52734.37,10255.56
SW12,Balham,Lambeth,United Kingdom,0.42,0.13,3.56,90.21,110340.67,0.002914428,53364.76,10255.56
90039,Los Angeles,California,United States,0.41,0.11,3.22,189.25,111806.84,0.006600028,49437.45,10364.72
94002,Belmont,California,United States,0.41,0.11,3.31,237.46,111806.84,0.008065956,50759.23,10364.72
94110,San Francisco,California,United States,0.41,0.11,3.45,1039.46,111806.84,0.033855739,52935.64,10364.72
28005,Madrid,Madrid,Spain,0.4,0.08,1.77,69.84,113020.71,0.0043143,27910.47,10451.5
80020,Broomfield,Colorado,United States,0.4,0.08,2.98,533.63,113020.71,0.0196475,46827.86,10451.5
90038,Los Angeles,California,United States,0.4,0.08,3.39,292.78,113020.71,0.009457098,53376.57,10451.5
91770,Rosemead,California,United States,0.4,0.08,2.81,317.62,113020.71,0.012394449,44182.94,10451.5
28001,Madrid,Madrid,Spain,0.39,0.06,1.78,471.98,114919.89,0.02829254,28762.17,10576.36
93300,Aubervilliers,Seine-Saint-Denis,France,0.39,0.06,1.38,37.26,114919.89,0.002895599,22183.45,10576.36
94531,Antioch,California,United States,0.39,0.06,2.86,390.3,114919.89,0.014581595,46149.73,10576.36
94587,Union City,California,United States,0.39,0.06,2.77,508.81,114919.89,0.0196621,44616.36,10576.36
95070,Saratoga,California,United States,0.39,0.06,2.18,490.84,114919.89,0.024062909,35169.24,10576.36
8001,Barcelona,Barcelona,Spain,0.38,0.03,1.73,298.03,115851.27,0.017976943,28583.1,10639.83
90058,Los Angeles,California,United States,0.38,0.03,3.25,250.08,115851.27,0.008013164,53807.73,10639.83
90804,Long Beach,California,United States,0.38,0.03,2.84,260.5,115851.27,0.009540008,47078.93,10639.83
E2,Hackney,Hackney,United Kingdom,0.38,0.03,3.51,122.77,115851.27,0.003639173,58167.33,10639.83
95492,Windsor,California,United States,0.37,0.01,3.11,220.77,116072.03,0.007190921,52932.23,10656.03
11249,Brooklyn,New York,United States,0.36,0,3.9,400.05,118280.28,0.01012916,68094.27,10794.01
1229,Sampaloc,Quezon,Philippines,0.36,0,0.85,544.25,118280.28,0.063333303,14816.2,10794.01
80031,Westminster,Colorado,United States,0.36,0,2.99,288.5,118280.28,0.009526187,52215.01,10794.01
94087,Sunnyvale,California,United States,0.36,0,3.32,628.78,118280.28,0.018703901,57961.78,10794.01
94513,Brentwood,California,United States,0.36,0,3.12,346.67,118280.28,0.010967462,54498.11,10794.01
80214,Denver,Colorado,United States,0.35,0,2.91,723.17,120567.14,0.023840886,52298.85,10962.52
90089,Los Angeles,California,United States,0.35,0,3.58,300.02,120567.14,0.008036376,64366.53,10962.52
90275,Rancho Palos Verdes,California,United States,0.35,0,3.13,311.14,120567.14,0.009537712,56244.12,10962.52
92663,Newport Beach,California,United States,0.35,0,3.3,150.68,120567.14,0.004374924,59382.66,10962.52
94122,San Francisco,California,United States,0.35,0,3.24,570.56,120567.14,0.016867793,58319.51,10962.52
WD1,Watford,Hertfordshire,United Kingdom,0.35,0,3.37,231.29,120567.14,0.006586673,60541.92,10962.52
90260,Lawndale,California,United States,0.34,0,3.17,98.5,121045.96,0.002899586,58568.11,10997.73
91326,Northridge,California,United States,0.34,0,3.09,237.93,121045.96,0.007164322,57258.91,10997.73
91402,Panorama City,California,United States,0.34,0,3.09,142.4,121045.96,0.004293113,57189.17,10997.73
12524,Fishkill,New York,United States,0.33,0,3.95,220.07,122524.6,0.005039475,75291.26,11109.09
80303,Boulder,Colorado,United States,0.33,0,2.95,189.33,122524.6,0.005796902,56312.24,11109.09
90033,Los Angeles,California,United States,0.33,0,2.93,138.99,122524.6,0.004291281,55841.41,11109.09
92011,Carlsbad,California,United States,0.33,0,3.68,207.8,122524.6,0.005104684,70186.43,11109.09
92112,San Diego,California,United States,0.33,0,3.63,531.64,122524.6,0.013234301,69260.73,11109.09
93063,Simi Valley,California,United States,0.33,0,2.98,190.81,122524.6,0.005789558,56822.78,11109.09
130 00,Prague,Hlavni mesto Praha,Czechia,0.32,0,1.3,53.2,123856.97,0.003601662,25466.08,11209
83301,Twin Falls,Idaho,United States,0.32,0,3.27,244.67,123856.97,0.006554923,64355.75,11209
92129,San Diego,California,United States,0.32,0,3.73,455.79,123856.97,0.010723186,73284.28,11209
95133,San Jose,California,United States,0.32,0,3.31,138.71,123856.97,0.003678783,65010.91,11209
E10,Leyton,Waltham Forest,United Kingdom,0.32,0,3.48,116.11,123856.97,0.002923603,68473.18,11209
EC1P,Islington,Islington,United Kingdom,0.32,0,3.57,323.89,123856.97,0.007967762,70086.84,11209
1010,Vienna,Vienna,Austria,0.31,0,1.35,22.7,124259.5,0.001432161,27330.09,11235.59
1100-228,Lisbon,Lisbon,Portugal,0.31,0,0.43,25.36,124259.5,0.004992335,8759.38,11235.59
90706,Bellflower,California,United States,0.31,0,2.78,263.71,124259.5,0.008058416,56421.23,11235.59
SW10,Chelsea,Royal Kensington and Chelsea,United Kingdom,0.31,0,3.52,90.76,124259.5,0.002191437,71403.57,11235.59
92108,San Diego,California,United States,0.3,0,3.66,261.67,126417.49,0.005881745,76703.58,11398.29
92691,Mission Viejo,California,United States,0.3,0,3.18,455.99,126417.49,0.011781041,66732.88,11398.29
94720,Berkeley,California,United States,0.3,0,3.23,369.59,126417.49,0.009399184,67795.47,11398.29
G42,Glasgow,Glasgow City,United Kingdom,0.3,0,3.22,1008.13,126417.49,0.025712873,67598.93,11398.29
N3,Finchley,Barnet,United Kingdom,0.3,0,3.5,62.62,126417.49,0.001471998,73344.8,11398.29
91423,Sherman Oaks,California,United States,0.29,0,3.31,301.83,128921.2,0.007250059,71778.05,11586.46
92627,Costa Mesa,California,United States,0.29,0,3.13,342.38,128921.2,0.008688896,67939.24,11586.46
94086,Sunnyvale,California,United States,0.29,0,3.47,603.71,128921.2,0.013816244,75337.05,11586.46
94566,Pleasanton,California,United States,0.29,0,3.15,402.76,128921.2,0.010167656,68296.32,11586.46
95014,Cupertino,California,United States,0.29,0,3.06,686.66,128921.2,0.017825532,66416.14,11586.46
RM10,Dagenham,Barking and Dagenham,United Kingdom,0.29,0,3.09,166.36,128921.2,0.004276171,67076.07,11586.46
90242,Downey,California,United States,0.28,0,2.96,142.27,129428.56,0.003686979,66529.78,11624.08
91405,Van Nuys,California,United States,0.28,0,3.2,244.96,129428.56,0.005873545,71906.77,11624.08
92100,Boulogne-Billancourt,Hauts-de-Seine,France,0.28,0,1.27,23.67,129428.56,0.001431553,28511.09,11624.08
HP3,Hemel Hempstead,Hertfordshire,United Kingdom,0.28,0,3.41,96.45,129428.56,0.002170898,76603.3,11624.08
10014,New York,New York,United States,0.27,0,4.27,846.28,132428.08,0.014659099,99535.89,11852.59
10013,New York,New York,United States,0.27,0,3.31,825.31,132428.08,0.018440043,77165.87,11852.59
80231,Denver,Colorado,United States,0.27,0,3.1,393.75,132428.08,0.009395917,72252.35,11852.59
90028,Los Angeles,California,United States,0.27,0,3.06,738.26,132428.08,0.017845955,71324.78,11852.59
92706,Santa Ana,California,United States,0.27,0,2.47,195.92,132428.08,0.005865511,57591.09,11852.59
10002,New York,New York,United States,0.26,0,4.43,541.28,135015.37,0.008710687,107138.46,12049.39
80112,Englewood,Colorado,United States,0.26,0,3.03,408.6,135015.37,0.009594462,73426.87,12049.39
94065,Redwood City,California,United States,0.26,0,3.42,632.08,135015.37,0.013170396,82745.39,12049.39
95141,San Jose,California,United States,0.26,0,2.92,841.23,135015.37,0.02056001,70544.76,12049.39
WN1,Wigan,Wigan,United Kingdom,0.26,0,3.29,164.1,135015.37,0.003557789,79522.55,12049.39
80014,Aurora,Colorado,United States,0.25,0,2.88,492.54,137158.64,0.011706674,72540.86,12211.8
92123,San Diego,California,United States,0.25,0,3.49,439.13,137158.64,0.008625008,87781.8,12211.8
94010,Burlingame,California,United States,0.25,0,3.24,407.3,137158.64,0.008619643,81470.16,12211.8
94040,Mountain View,California,United States,0.25,0,3.57,416.99,137158.64,0.008007165,89787.42,12211.8
94080,South San Francisco,California,United States,0.25,0,3.05,387.31,137158.64,0.008695115,76799.39,12211.8
91505,Burbank,California,United States,0.24,0,3.2,382.74,138835.93,0.007868106,83870.24,12338.5
91709,Chino Hills,California,United States,0.24,0,2.93,456.33,138835.93,0.010229217,76914.77,12338.5
92840,Garden Grove,California,United States,0.24,0,2.68,265.96,138835.93,0.006522976,70298.95,12338.5
94598,Walnut Creek,California,United States,0.24,0,3.3,257.86,138835.93,0.005132826,86617.67,12338.5
96161,Truckee,California,United States,0.24,0,3.56,158.38,138835.93,0.002930395,93184.97,12338.5
E14,Poplar,Tower Hamlets,United Kingdom,0.24,0,3.6,156,138835.93,0.002847984,94442.43,12338.5
10016,New York,New York,United States,0.23,0,4.38,1783.58,142577.16,0.025654513,119867.44,12627.29
10128,New York,New York,United States,0.23,0,4.41,808.06,142577.16,0.011539911,120728.84,12627.29
5020,Salzburg,Salzburg,Austria,0.23,0,1.34,45.96,142577.16,0.00216869,36535.76,12627.29
730-0011,Hiroshima,Hiroshima,Japan,0.23,0,0.86,69.81,142577.16,0.005094719,23623.55,12627.29
91307,West Hills,California,United States,0.23,0,3.19,73.23,142577.16,0.001448426,87174.92,12627.29
94610,Oakland,California,United States,0.23,0,2.81,750.73,142577.16,0.016831525,76900.62,12627.29
94804,Richmond,California,United States,0.23,0,3.01,209.87,142577.16,0.004399428,82248.61,12627.29
93514,Bishop,California,United States,0.22,0,3.13,73.94,143255.63,0.001422593,89609.18,12679.31
LU1,Luton,Luton,United Kingdom,0.22,0,3.37,120.8,143255.63,0.002161414,96363.84,12679.31
NG1,Nottingham,Nottingham,United Kingdom,0.22,0,3.31,483.73,143255.63,0.008802478,94748.14,12679.31
10019,New York,New York,United States,0.21,0,4.13,1191.76,145725.94,0.016590271,123853.4,12870.18
10249,Berlin,Land Berlin,Germany,0.21,0,2.18,161.15,145725.94,0.004256633,65273.5,12870.18
80160,Littleton,Colorado,United States,0.21,0,3.06,76.64,145725.94,0.00144169,91653.07,12870.18
80228,Denver,Colorado,United States,0.21,0,2.87,509.84,145725.94,0.0102247,85970.89,12870.18
95111,San Jose,California,United States,0.21,0,3.05,232.3,145725.94,0.004387833,91280.16,12870.18
GL1,Gloucester,Gloucestershire,United Kingdom,0.21,0,3.41,219.26,145725.94,0.003698252,102221.24,12870.18
SG1,Stevenage,Hertfordshire,United Kingdom,0.21,0,3.18,79.36,145725.94,0.001436082,95275.52,12870.18
1020,Vienna,Vienna,Austria,0.2,0,1.29,33.54,147458.52,0.001428392,40486.24,13002.85
6000,Perth,Western Australia,Australia,0.2,0,3.07,786.25,147458.52,0.014037993,96566.65,13002.85
90280,South Gate,California,United States,0.2,0,3.12,281.39,147458.52,0.00495095,97991.27,13002.85
91016,Monrovia,California,United States,0.2,0,3.38,349.68,147458.52,0.005678087,106180.41,13002.85
92008,Carlsbad,California,United States,0.2,0,3.47,281.72,147458.52,0.004455054,109026.41,13002.85
10009,New York,New York,United States,0.19,0,4.33,726.72,149241.88,0.008741156,143340.47,13141.96
13000,Marseille,Bouches-du-Rhône,France,0.19,0,1.21,33.58,149241.88,0.001448644,39965.59,13141.96
80210,Denver,Colorado,United States,0.19,0,3.09,735.52,149241.88,0.012405369,102224.26,13141.96
IG1,Ilford,Redbridge,United Kingdom,0.19,0,3.41,287.55,149241.88,0.004396342,112768.53,13141.96
02-507,Warsaw,Mazovia,Poland,0.18,0,1.35,122.13,150902.35,0.004464783,47161.04,13267.94
4102,Portland,Maine,United States,0.18,0,3.28,98.58,150902.35,0.001481622,114714.93,13267.94
11746,Huntington Station,New York,United States,0.18,0,4.03,479.53,150902.35,0.005876986,140680.36,13267.94
20126,Milan,Milan,Italy,0.18,0,1.42,106.73,150902.35,0.003714643,49539.75,13267.94
28002,Madrid,Madrid,Spain,0.18,0,1.77,130.73,150902.35,0.003636439,61982.52,13267.94
94609,Oakland,California,United States,0.18,0,3.29,235.78,150902.35,0.003532767,115068.74,13267.94
CO1,Colchester,Essex,United Kingdom,0.18,0,3.24,236.43,150902.35,0.003597208,113322.42,13267.94
CR9,Croydon,Croydon,United Kingdom,0.18,0,3.47,250.56,150902.35,0.00356287,121251.4,13267.94
4240,Lewiston,Maine,United States,0.17,0,3.16,199.86,151568.07,0.002946177,116957.84,13319.09
7001,Palma,Balearic Islands,Spain,0.17,0,1.82,56.79,151568.07,0.001451306,67470.62,13319.09
91606,North Hollywood,California,United States,0.17,0,3.06,189.35,151568.07,0.002884884,113164.83,13319.09
91706,Baldwin Park,California,United States,0.17,0,2.85,219.73,151568.07,0.00359189,105470.88,13319.09
46001,Valencia,Valencia,Spain,0.16,0,1.92,64.47,153315.75,0.001475232,75349.03,13455.18
80224,Denver,Colorado,United States,0.16,0,3.13,159.43,153315.75,0.002233514,123069.73,13455.18
80237,Denver,Colorado,United States,0.16,0,3,149.12,153315.75,0.002177301,118082.66,13455.18
80241,Denver,Colorado,United States,0.16,0,2.97,353.9,153315.75,0.005223987,116800.98,13455.18
91773,San Dimas,California,United States,0.16,0,3.11,205.43,153315.75,0.002899084,122175,13455.18
92336,Fontana,California,United States,0.16,0,2.97,433.62,153315.75,0.006406813,116690.19,13455.18
NN1,Northampton,Northamptonshire,United Kingdom,0.16,0,3.29,381.71,153315.75,0.005086305,129391.99,13455.18
10017,New York,New York,United States,0.15,0,4.39,925.26,156017.32,0.008669361,184013.28,13670.23
80222,Denver,Colorado,United States,0.15,0,3.12,283.42,156017.32,0.00373527,130822.11,13670.23
89101,Las Vegas,Nevada,United States,0.15,0,3.26,1172.26,156017.32,0.014778499,136761.56,13670.23
95037,Morgan Hill,California,United States,0.15,0,2.94,320.63,156017.32,0.004488343,123165.98,13670.23
80003,Arvada,Colorado,United States,0.14,0,2.88,370.61,157460.39,0.004935187,129474.53,13784.07
80233,Denver,Colorado,United States,0.14,0,3.01,288.17,157460.39,0.003675985,135157.62,13784.07
90503,Torrance,California,United States,0.14,0,3.17,470.79,157460.39,0.005694162,142551.46,13784.07
94121,San Francisco,California,United States,0.14,0,3.26,313.5,157460.39,0.003695125,146280.76,13784.07
10065,New York,New York,United States,0.13,0,4.27,506.84,160383.7,0.004233454,206417.52,14016.84
80012,Aurora,Colorado,United States,0.13,0,2.73,274.42,160383.7,0.003579323,132185.67,14016.84
91748,Rowland Heights,California,United States,0.13,0,2.82,337.6,160383.7,0.004266809,136416.07,14016.84
92602,Irvine,California,United States,0.13,0,3.15,265.72,160383.7,0.003004697,152476.35,14016.84
94526,Danville,California,United States,0.13,0,3.38,340.03,160383.7,0.003582837,163631.95,14016.84
92869,Orange,California,United States,0.13,0,3.08,249.37,160383.7,0.002887209,148916.54,14016.84
95008,Campbell,California,United States,0.13,0,2.7,398.85,160383.7,0.00526741,130553.22,14016.84
BN3,Hove,Brighton and Hove,United Kingdom,0.13,0,3.53,146.66,160383.7,0.001480866,170757.56,14016.84
RG30,Reading,Reading,United Kingdom,0.13,0,3.42,403.81,160383.7,0.00420357,165625.09,14016.84
10003,New York,New York,United States,0.12,0,4.24,1754,167345.93,0.013597954,222397.04,14579.23
10118,New York,New York,United States,0.12,0,4.01,3038.13,167345.93,0.024924227,210163.33,14579.23
91730,Rancho Cucamonga,California,United States,0.12,0,2.98,456.31,167345.93,0.005031968,156347.97,14579.23
94577,San Leandro,California,United States,0.12,0,2.52,579.61,167345.93,0.007552159,132322.91,14579.23
L1,Liverpool,Liverpool,United Kingdom,0.12,0,3.27,899.38,167345.93,0.009041698,171501.17,14579.23
SL95,Slough,Slough,United Kingdom,0.12,0,3.51,234.8,167345.93,0.002198521,184132.77,14579.23
27668,Raleigh,North Carolina,United States,0.11,0,2.84,212.69,169841.16,0.002257155,162462.7,14778.57
80002,Arvada,Colorado,United States,0.11,0,2.97,139.41,169841.16,0.001417347,169580.38,14778.57
90014,Los Angeles,California,United States,0.11,0,2.59,423.53,169841.16,0.004927839,148184.16,14778.57
98109,Seattle,Washington,United States,0.11,0,3.33,551.6,169841.16,0.00499338,190460.33,14778.57
BS1,Bristol,Bristol,United Kingdom,0.11,0,3.34,671.01,169841.16,0.006063822,190789.56,14778.57
CF14,Cardiff,Cardiff,United Kingdom,0.11,0,3.34,251.62,169841.16,0.002269413,191160.48,14778.57
PE1,Peterborough,Peterborough,United Kingdom,0.11,0,3.3,245.37,169841.16,0.002242221,188674.54,14778.57
10025,New York,New York,United States,0.1,0,4.19,1852.14,176416.51,0.012126168,263343.8,15306.25
43701,Zanesville,Ohio,United States,0.1,0,3.26,253.65,176416.51,0.002131254,205198.89,15306.25
80134,Parker,Colorado,United States,0.1,0,2.82,728.25,176416.51,0.007071378,177560.43,15306.25
90011,Los Angeles,California,United States,0.1,0,3.23,265.31,176416.51,0.002248845,203409.22,15306.25
90703,Cerritos,California,United States,0.1,0,2.91,382.62,176416.51,0.003606511,182917.99,15306.25
91355,Valencia,California,United States,0.1,0,3.09,421.5,176416.51,0.003741828,194214.64,15306.25
92806,Anaheim,California,United States,0.1,0,3.01,158.67,176416.51,0.001442747,189613.83,15306.25
94602,Oakland,California,United States,0.1,0,2.98,395.67,176416.51,0.003633886,187728.85,15306.25
80027,Louisville,Colorado,United States,0.1,0,2.69,2117.55,176416.51,0.021562043,169322.54,15306.25
94568,Dublin,California,United States,0.09,0,2.89,981.67,177398.18,0.008376869,202049.15,15384.93
860,Quezon City,National Capital Region,Philippines,0.08,0,0.84,351.29,180643.01,0.009183005,65955.91,15641.86
30303,Atlanta,Georgia,United States,0.08,0,2,317.45,180643.01,0.003480017,157277.63,15641.86
4000,Brisbane,Queensland,Australia,0.08,0,3.19,818.41,180643.01,0.005630115,250625.19,15641.86
5000,Adelaide,South Australia,Australia,0.08,0,3.12,625.08,180643.01,0.004391446,245415.25,15641.86
80525,Fort Collins,Colorado,United States,0.08,0,3.09,578.05,180643.01,0.004105259,242771.03,15641.86
91762,Ontario,California,United States,0.08,0,2.94,189.07,180643.01,0.00140868,231406.01,15641.86
94928,Rohnert Park,California,United States,0.08,0,2.74,365.48,180643.01,0.002922065,215647.3,15641.86
10023,New York,New York,United States,0.07,0,4.41,788.92,183585.69,0.003431769,396355.23,15882.03
92126,San Diego,California,United States,0.07,0,3.38,639.57,183585.69,0.003629614,303810.09,15882.03
94539,Fremont,California,United States,0.07,0,2.62,636.98,183585.69,0.004666322,235355.25,15882.03
H3G,Montreal,Quebec,Canada,0.07,0,2.54,877.21,183585.69,0.006624865,228297.23,15882.03
10024,New York,New York,United States,0.06,0,4.33,562.97,191637.46,0.002136226,454370.42,16546.46
60602,Chicago,Illinois,United States,0.06,0,3.43,4892,191637.46,0.023468511,359395.83,16546.46
80111,Englewood,Colorado,United States,0.06,0,2.76,352.95,191637.46,0.00210557,289014.39,16546.46
92127,San Diego,California,United States,0.06,0,3.67,334.72,191637.46,0.00150172,384290.51,16546.46
94553,Martinez,California,United States,0.06,0,3.13,265.1,191637.46,0.001392,328352.55,16546.46
95134,San Jose,California,United States,0.06,0,3.38,1359.89,191637.46,0.006614,354496.33,16546.46
95403,Santa Rosa,California,United States,0.06,0,3.17,284.13,191637.46,0.00147629,331837.06,16546.46
10011,New York,New York,United States,0.05,0,2.87,2773.04,195724.93,0.013234972,361247.3,16882.14
10036,New York,New York,United States,0.05,0,4.26,1089.75,195724.93,0.003508473,535525.45,16882.14
4301,Lucena City,Quezon,Philippines,0.05,0,0.84,224.68,195724.93,0.00364592,106250.95,16882.14
10018,New York,New York,United States,0.04,0,4.06,509.37,200957.95,0.001374399,638986.54,17315.08
90017,Los Angeles,California,United States,0.04,0,2.61,3343.56,200957.95,0.014057897,410072.57,17315.08
95113,San Jose,California,United States,0.04,0,1.58,373.75,200957.95,0.002599295,247913.84,17315.08
LS4,Leeds,Leeds,United Kingdom,0.04,0,3.39,1006.35,200957.95,0.003255492,532969.72,17315.08
3113,Quezon,Province of Nueva Ecija,Philippines,0.03,0,0.84,400.54,202018.53,0.003908595,176685.96,17401.3
94304,Palo Alto,California,United States,0.03,0,2.69,660.03,202018.53,0.002019158,563594.65,17401.3
94043,Mountain View,California,United States,0.02,0,2.24,6234.62,208253.15,0.015275734,703687.33,17924.66
20149,Ashburn,Virginia,United States,0.01,0,3.15,1133.96,209387.11,9.86E-04,1982493.34,18021.37
100-0001,Tokyo,Tokyo,Japan,0,0,0.94,3156.38,212543.49,0,Infinity,18293.03
